pos,rc_barcode,barcode,sample,doubling_time,lineage,time_point
A01,CAGGTT,AACCTG,01-01,78.33167,1,1
A02,TCACAA,TTGTGA,03-01,81.409656,3,1
A03,ACATCA,TGATGT,05-01,82.679362,5,1
A04,AGCGCA,TGCGCT,01-03,77.452591,1,3
A05,CATCAA,TTGATG,03-03,64.267711,3,3
A06,GCTATT,AATAGC,05-03,77.77997,5,3
A07,TAGATC,GATCTA,01-05,69.408703,1,5
A08,CATGAC,GTCATG,03-05,68.238644,3,5
A09,GAATCG,CGATTC,05-05,61.628022,5,5
A10,TCTTCT,AGAAGA,01-07,59.713393,1,7
A11,ATTCCG,CGGAAT,03-07,57.432767,3,7
A12,GGAATT,AATTCC,05-07,61.168939,5,7
B01,ACGGTG,CACCGT,01-01,77.343979,1,1
B02,CTCAGC,GCTGAG,03-01,82.578797,3,1
B03,TCCGGT,ACCGGA,05-01,77.272852,5,1
B04,TGCAGT,ACTGCA,01-03,68.359879,1,3
B05,TTCATA,TATGAA,03-03,62.065962,3,3
B06,ATACAC,GTGTAT,05-03,66.45696,5,3
B07,CGTTAT,ATAACG,01-05,64.540241,1,5
B08,CTCGGA,TCCGAG,03-05,63.393367,3,5
B09,TGTGTG,CACACA,05-05,58.624381,5,5
B10,ACCGCG,CGCGGT,01-07,65.714107,1,7
B11,GATCGG,CCGATC,03-07,63.416011,3,7
B12,TCACGG,CCGTGA,05-07,60.662941,5,7
C01,ATTACT,AGTAAT,01-01,76.202194,1,1
C02,CTTAGA,TCTAAG,03-01,82.333681,3,1
C03,GCAGCT,AGCTGC,05-01,83.413148,5,1
C04,TCCTCC,GGAGGA,01-03,74.718297,1,3
C05,GAACTA,TAGTTC,03-03,76.18862,3,3
C06,ACAACC,GGTTGT,05-03,71.164346,5,3
C07,GGTAAC,GTTACC,01-05,63.38983,1,5
C08,GTGGTC,GACCAC,03-05,57.249028,3,5
C09,CCGCGT,ACGCGG,05-05,58.132596,5,5
C10,CTGACA,TGTCAG,01-07,64.616827,1,7
C11,CCGAAT,ATTCGG,03-07,58.809196,3,7
C12,AGCCGC,GCGGCT,05-07,59.672075,5,7
D01,TAGCGC,GCGCTA,01-01,71.44139,1,1
D02,TGACCT,AGGTCA,03-01,82.109535,3,1
D03,CTTATC,GATAAG,05-01,74.805314,5,1
D04,GTAGCC,GGCTAC,01-03,69.575113,1,3
D05,CCATAG,CTATGG,03-03,62.770273,3,3
D06,GAGGCA,TGCCTC,05-03,69.143857,5,3
D07,AATTGA,TCAATT,01-05,63.732451,1,5
D08,ACTCAC,GTGAGT,03-05,62.396212,3,5
D09,AAGTTG,CAACTT,05-05,64.449658,5,5
D10,TACGAT,ATCGTA,01-07,62.440231,1,7
D11,CACCAC,GTGGTG,03-07,58.440517,3,7
D12,GCATTC,GAATGC,05-07,64.540241,5,7
E01,TTCCAT,ATGGAA,01-02,71.228378,1,2
E02,AGGCGA,TCGCCT,03-02,67.492971,3,2
E03,CTCTCG,CGAGAG,05-02,72.725932,5,2
E04,GCCTTG,CAAGGC,01-04,75.55183,1,4
E05,AGGTTC,GAACCT,03-04,75.840419,3,4
E06,TAGCAG,CTGCTA,05-04,72.67621,5,4
E07,CACTGC,GCAGTG,01-06,68.422605,1,6
E08,AGTGGC,GCCACT,03-06,67.452906,3,6
E09,ATGTAG,CTACAT,05-06,60.511943,5,6
E10,GGTACG,CGTACC,01-07,62.809973,1,7
E11,TAAGGT,ACCTTA,03-07,57.905667,3,7
E12,CCTGTA,TACAGG,05-07,59.399225,5,7
F01,CCTCCA,TGGAGG,01-02,70.157852,1,2
F02,ACAATA,TATTGT,03-02,70.781833,3,2
F03,ACTGAT,ATCAGT,05-02,74.861386,5,2
F04,ATGTGT,ACACAT,01-04,67.828449,1,4
F05,GTGTCC,GGACAC,03-04,70.462078,3,4
F06,TAGAGT,ACTCTA,05-04,79.541987,5,4
F07,GCTAAG,CTTAGC,01-06,65.17394,1,6
F08,TGGACT,AGTCCA,03-06,64.157306,3,6
F09,CACTTA,TAAGTG,05-06,62.818888,5,6
F10,CTATTG,CAATAG,01-07,62.690768,1,7
F11,AATACA,TGTATT,03-07,54.443452,3,7
F12,ATTCTT,AAGAAT,05-07,60.567043,5,7
G01,GGCATC,GATGCC,01-02,70.105484,1,2
G02,GGTTGG,CCAACC,03-02,73.378095,3,2
G03,TTGGCG,CGCCAA,05-02,72.811561,5,2
G04,CTGCTG,CAGCAG,01-04,70.894175,1,4
G05,TGAGTA,TACTCA,03-04,65.921636,3,4
G06,CTAAGT,ACTTAG,05-04,74.863011,5,4
G07,AGAAGG,CCTTCT,01-06,63.542235,1,6
G08,TCGGAC,GTCCGA,03-06,65.507539,3,6
G09,TGTTCA,TGAACA,05-06,68.370715,5,6
G10,AACCTT,AAGGTT,01-07,64.481218,1,7
G11,GGTCGT,ACGACC,03-07,57.648969,3,7
G12,TATCCT,AGGATA,05-07,63.150454,5,7
H01,GGCGAC,GTCGCC,01-02,75.10485,1,2
H02,GTGCCT,AGGCAC,03-02,69.366649,3,2
H03,GCTGCC,GGCAGC,05-02,70.059958,5,2
H04,CCGACG,CGTCGG,01-04,66.554423,1,4
H05,ACCACA,TGTGGT,03-04,59.351327,3,4
H06,CTATGA,TCATAG,05-04,67.370682,5,4
H07,TACTCT,AGAGTA,01-06,61.108051,1,6
H08,GACAGA,TCTGTC,03-06,70.113961,3,6
H09,GCGCTA,TAGCGC,05-06,60.102475,5,6
H10,GAAGTC,GACTTC,C321_I4,85.300355,0,0
H11,TTGATT,AATCAA,C321_I4,85.964804,0,0
H12,CGACTC,GAGTCG,C321_I4,89.754471,0,0
