PRIORITY_SET,PRIORITY_INDIVIDUAL,POSITION,EFF_GENE,ALT,REF
1,1,104352,ftsA,G,A
1,2,1263523,hemA,C,T
1,3,2635317,der,T,C
1,4,672170,leuS,A,C
1,5,3432599,fmt,A,G
1,6,4387957,psd,G,A
1,7,200214,bamA,T,C
1,8,53597,surA,G,A
1,9,4102449,cpxA,G,A
1,10,3513748,dam,C,T
1,11,3138316,hybF,C,T
1,12,468653,mdlA,G,A
1,13,474891,ybaY,C,T
1,14,1619566,ydeE,A,G
1,15,117798,nadC,G,A
1,16,2891982,ygcO,GA,GCACA
1,17,3895069,yieH,AGGG,AGG
1,18,2822517,mltB,TT,TGT
1,19,3509760,yhfZ,"LONG:11,HASH:15b21f88",CAAAAAAAAC
1,20,467734,ybaO,G,A
1,21,1937697,lpxM,C,T
1,22,679097,ybeU,A,G
1,23,1759542,sufD,A,G
1,24,246408,dinJ,C,T
1,25,4563487,yjiM,A,C
1,26,1152270,fabF,G,A
2,27,966341,msbA,G,A
2,28,1177178,lolE,G,A
2,29,2721087,pssA,A,G
2,30,1861028,gapA,C,T
2,31,3398795,mreB,G,A
2,32,3919538,atpB,T,C
2,33,3057315,rpiA,C,T
2,34,1962721,flhA,A,G
2,35,162927,hrpB,A,G
2,36,2952196,recB,A,G
2,37,3933128,rbsA,T,C
2,38,4490399,idnT,C,T
2,39,1138649,flgK,T,C
2,40,14301,dnaJ,T,C
2,41,661376,lipB,A,C
2,42,1662120,ynfH,C,T
2,43,4420816,ulaD,T,C
3,44,1286375,rttR,C,T
3,45,1286425,rttR,G,A
3,46,4047943,spf,C,T
3,47,4036960,rrlA,AG,A
3,48,4038551,rrfA,C,A
3,49,4604130,leuV,G,A
4,50,2368041,arnA,C,T
4,51,2612632,focB,CCC,CCCCTC
4,52,1622373,ydeI,A,AT
4,53,4422565,yjfY,GA,GCA
4,54,1167570,ycfQ,CG,CGG
4,55,280883,yagA,CG,CGG
4,56,2238771,galS,GCCCCCCT,GCCCCCT
4,57,183606,cdaR,GT,GAT
4,58,370766,mhpC,T,C
4,59,1762010,sufB,AT,AGT
4,60,7922,yaaJ,CAAA,CAA
4,61,1683560,fumC,GGCC,GC
4,62,3328375,dacB,GTTT,GTT
4,63,1387266,ycjG,T,C
4,64,1207756,tfaE,TA,TCA
4,65,2198468,yehI,G,GA
4,66,3132832,yghT,GG,GTG
4,67,674823,ybeQ,CG,CTG
4,68,1698220,malX,GTTTTTTC,GTTTTTC
4,69,1867040,yeaH,G,GT
4,70,1005635,ycbW,TG,TGG
4,71,4509169,fecE,T,C
4,72,3707578,eptB,GC,G
4,73,4472155,yjgJ,TA,T
4,74,1755775,ynhG,CT,CTCTGGT
4,75,3726133,xylB,"LONG:11,HASH:bc2f4b45",TCCCCCCCCG
4,76,3506472,php,GC,GCC
4,77,335194,yahE,T,C
4,78,3596580,livJ,G,A
4,79,1757699,sufS,GCCCCCCG,GCCCCCG
4,80,2212355,yehU,GC,GCC
4,81,4445889,ytfN,AT,ATT
4,82,4146704,yijP,T,C
4,83,3787375,yibD,A,G
4,84,4513307,fecA,T,C
4,85,3974628,wzxE,C,T
4,86,3181028,zupT,A,G
4,87,2519874,xapR,C,T
4,88,3296057,yraQ,C,T
4,89,4322899,phnC,G,A
5,90,2097261,ugd,A,G
5,91,1270678,chaA,A,G
5,92,3529627,yhgE,C,T
5,93,1072955,rutA,T,C
5,94,4216838,aceK,G,A
5,95,824321,ybhR,ACTCACATCC,ACTCGCATCC
5,96,4295691,fdhF,T,C
5,97,4057292,typA,C,T
5,98,1200104,xisE,A,G
5,99,1448416,tynA,T,C
5,100,3298021,yhbQ,A,G
5,101,449988,cyoA,T,C
5,102,2794168,csiR,T,C
5,103,2653789,pepB,C,T
5,104,3338610,yrbG,C,T
5,105,2683932,hmp,A,G
5,106,4230775,lysC,A,G
5,107,2014119,fliH,A,G
5,108,2619329,purM,G,A
5,109,3306890,nlpI,A,G
5,110,4393081,yjeF,T,C
5,111,1797907,rpmI,C,T
5,112,30616,carA,C,T
5,113,2682993,glyA,A,G
5,114,3030054,ygfU,A,G
5,115,311413,ykgL,T,C
5,116,1071283,rutC,A,G
5,117,220239,metQ,T,C
5,118,1088793,pgaB,C,T
5,119,2572157,eutT,A,G
5,120,4075492,yiiD,A,G
5,121,774343,ybgC,A,G
5,122,2272188,yejA,G,A
5,123,3318355,yhbX,C,T
5,124,4135252,yijF,G,A
5,125,1259751,ychM,G,A
5,126,2476114,dsdX,G,A
5,127,2082797,yeeE,A,G
